metric,count,percentage
both,2664,4.991194214411511
iqr_only,50505,94.62472364821824
lof_only,5,0.009367857009030615
neither,200,0.37471428036122456
total,53374,100.0
